Название,Год,Страна,Режиссер,Рейтинг,Смотреть онлайн
Туз в рукаве,1951,США,Билли Уайлдер,7.8,False
Эйс Вентура: Розыск домашних животных,1993,США,Том Шэдьяк,7.8,False
Месть актера,1963,Япония,Кон Итикава,6.8,False
Зависимость,1994,США,Абель Феррара,6.3,False
Страховой агент,1991,Канада,Атом Эгоян,6.1,False
Приключения Бакару Банзая в восьмом измерении,1984,США,У. Д. Рихтер,5.7,False
Приключения Робин Гуда,1938,США,Майкл Кёртиц,7.0,False
После работы,1985,США,Мартин Скорсезе,7.5,False
"Агирре, гнев божий",1972,Германия (ФРГ),Вернер Херцог,7.7,False
Аэроплан,1980,США,Джим Абрахамс,7.4,False
Акира,1987,Япония,Кацухиро Отомо,7.8,False
Александр Невский,1938,СССР,Сергей Эйзенштейн,8.1,True
Элфи,1966,Великобритания,Льюис Гилберт,7.1,False
Алиса,1987,Чехословакия,Ян Шванкмайер,7.6,False
Чужой,1979,Великобритания,Ридли Скотт,8.1,False
Всё о моей матери,1999,Испания,Педро Альмодовар,7.8,False
"Все, что дозволено небесами",1955,США,Дуглас Сирк,7.1,False
Весь этот джаз,1979,США,Боб Фосси,7.7,False
Вся президентская рать,1976,США,Алан Дж. Пакула,7.5,False
Альфавиль,1965,Франция,Жан-Люк Годар,7.2,False
Амадей,1984,США,Милош Форман,8.2,False
Любовники с Нового моста,1991,Франция,Леос Каракс,7.7,False
Амели,2001,Франция,Жан-Пьер Жёне,8.0,True
Красота по-американски,1999,США,Сэм Мендес,8.0,False
Американский жиголо,1980,США,Пол Шредер,6.6,False
Американские граффити,1973,США,Джордж Лукас,7.2,False
Американец в Париже,1951,США,Винсент Миннелли,6.7,False
Американское кино,1999,США,Крис Смит,6.8,False
Американский пирог,1999,США,Пол Вайц,7.2,False
Американское великолепие,2003,США,Шари Спрингер Берман,6.7,True
Американский оборотень в Лондоне,1981,Великобритания,Джон Лэндис,6.9,False
Сука-любовь,2000,Мексика,Алехандро Гонсалес Иньярриту,7.9,False
Анатомия убийства,1959,США,Отто Преминджер,7.6,False
Андрей Рублев,1966,СССР,Андрей Тарковский,8.2,True
Ангел за моим столом,1990,Великобритания,Джейн Кэмпион,7.1,False
Энни Холл,1977,США,Вуди Аллен,7.8,False
Квартира,1960,США,Билли Уайлдер,8.0,False
Апокалипсис сегодня,1979,США,Фрэнсис Форд Коппола,8.1,False
Квартира,1996,Франция,Жиль Мимуни,7.6,False
Яблоко,1998,Иран,Самира Махмальбаф,6.9,False
Армия теней,1969,Франция,Жан-Пьер Мельвиль,7.7,False
Вокруг Света за 80 дней,1956,США,Майкл Андерсон,7.1,False
Мышьяк и старые кружева,1944,США,Фрэнк Капра,7.8,False
Асфальтовые джунгли,1950,США,Джон Хьюстон,7.3,False
Нападение на 13-й участок,1976,США,Джон Карпентер,7.2,False
"История Аси Клячиной, которая любила, да не вышла замуж",1967,СССР,Андрей Кончаловский,7.3,True
Аталанта,1934,Франция,Жан Виго,7.6,False
Быстрый бегун,2000,Канада,Захариас Кунук,6.9,False
Атлантик-Сити,1980,Франция,Луи Маль,7.0,False
"Наудачу, Бальтазар",1966,Франция,Робер Брессон,7.7,False
"До свидания, дети",1987,Франция,Луи Маль,7.7,False
Кинопроба,1999,Япония,Такаси Миике,6.3,False
Остин Пауэрс: Человек-загадка международного масштаба,1997,Германия,Джей Роуч,6.6,False
Приключение,1960,Италия,Микеланджело Антониони,7.8,False
Бэйб: Четвероногий малыш,1995,Австралия,Крис Нунен,7.0,False
Пир Бабетты,1987,Дания,Габриэль Аксель,7.2,False
Назад в будущее,1985,США,Роберт Земекис,8.6,False
Непослушный Бабби,1993,Австралия,Рольф Де Хер,6.9,False
Плохой день в Блэк-Роке,1955,США,Джон Стёрджес,7.0,False
Плохой лейтенант,1992,США,Абель Феррара,7.1,False
Плохой Санта,2003,США,Терри Цвигофф,7.4,False
Пустоши,1973,США,Терренс Малик,7.6,False
Кафе «Багдад»,1987,Германия (ФРГ),Перси Адлон,7.2,False
Бемби,1942,США,Джеймс Элгар,8.1,True
Банда аутсайдеров,1964,Франция,Жан-Люк Годар,7.7,False
Королева бандитов,1994,Индия,Шекхар Капур,5.9,False
Барбарелла,1968,Франция,Роже Вадим,6.3,False
Барри Линдон,1975,Великобритания,Стэнли Кубрик,8.0,False
Бартон Финк,1991,Великобритания,Джоэл Коэн,7.7,False
Бэтмен,1989,США,Тим Бёртон,7.5,False
Битва за Алжир,1966,Италия,Джилло Понтекорво,7.6,False
Королевская битва,2000,Япония,Киндзи Фукасаку,7.3,True
Броненосец «Потемкин»,1925,СССР,Сергей Эйзенштейн,7.9,True
Мое сердце биться перестало,2005,Франция,Жак Одиар,7.1,False
Хорошая работа,1999,Франция,Клер Дени,6.7,False
Бекет,1964,Великобритания,Питер Гленвилл,7.6,False
Перед рассветом,1995,США,Ричард Линклейтер,8.0,False
Быть Джоном Малковичем,1999,США,Спайк Джонс,7.3,False
Будучи там,1979,США,Хэл Эшби,7.7,False
Дневная красавица,1967,Франция,Луис Бунюэль,7.4,False
Очаровательная проказница,1991,Франция,Жак Риветт,7.4,False
Трио из Бельвилля,2003,Франция,Сильвен Шомэ,7.7,False
Бен-Гур,1959,США,Уильям Уайлер,8.1,False
Человек-зверь,1938,Франция,Жан Ренуар,7.1,False
Зверь,1975,Франция,Валериан Боровчик,5.7,False
Уж лучше умереть,1985,США,Сэвидж Стив Холланд,6.6,False
"37,2º утром",1986,Франция,Жан-Жак Бенекс,7.3,False
Полицейский из Беверли-Хиллз,1984,США,Мартин Брест,7.6,False
Изнанка долины кукол,1970,США,Расс Майер,5.9,False
Похитители велосипедов,1948,Италия,Витторио Де Сика,7.9,True
Большое разочарование,1983,США,Лоуренс Кэздан,6.7,False
Большой ансамбль,1955,США,Джозеф Х. Льюис,6.9,False
Сильная жара,1953,США,Фриц Ланг,7.3,False
Большой Лебовски,1998,Великобритания,Джоэл Коэн,7.8,False
Большая ночь,1996,США,Кэмпбелл Скотт,7.0,False
Большой парад,1925,США,Кинг Видор,7.0,False
Глубокий сон,1946,США,Ховард Хоукс,7.3,False
Все решается в среду,1978,США,Джон Милиус,7.1,False
Невероятные приключения Билла и Теда,1989,США,Стивен Херек,6.6,False
Птицы,1963,США,Альфред Хичкок,7.5,False
Рождение нации,1915,США,Дэвид Уорк Гриффит,7.1,False
"Черная кошка, белый кот",1998,Франция,Эмир Кустурица,8.0,False
Школьные джунгли,1955,США,Ричард Брукс,7.1,False
Школьные доски,2000,Иран,Самира Махмальбаф,6.0,False
Бегущий по лезвию,1982,США,Ридли Скотт,7.7,False
Ведьма из Блэр: Курсовая с того света,1999,США,Дэниэл Мирик,6.5,False
Сверкающие седла,1974,США,Мэл Брукс,6.7,False
Любовные похождения блондинки,1965,Чехословакия,Милош Форман,7.5,False
Фотоувеличение,1966,Великобритания,Микеланджело Антониони,7.7,False
Голубой ангел,1930,Германия,Джозеф фон Штернберг,7.6,False
Синий георгин,1946,США,Джордж Маршалл,6.6,False
Синяя лампа,1950,Великобритания,Бэзил Дирден,6.0,False
Синий бархат,1986,США,Дэвид Линч,7.5,False
Братья Блюз,1980,США,Джон Лэндис,7.7,False
Боб-прожигатель,1956,Франция,Жан-Пьер Мельвиль,6.9,False
Тело и душа,1947,США,Роберт Россен,6.7,False
Аргентинский дог,2004,Аргентина,Карлос Сорин,6.4,False
Бонни и Клайд,1967,США,Артур Пенн,7.7,False
Ночи в стиле буги,1997,США,Пол Томас Андерсон,7.4,False
Подводная лодка,1981,Германия (ФРГ),Вольфганг Петерсен,8.1,False
Борат,2006,США,Ларри Чарльз,6.7,False
Бостонский душитель,1968,США,Ричард Флейшер,6.7,False
Мясник,1969,Франция,Клод Шаброль,7.2,False
Боулинг для Колумбины,2002,США,Майкл Мур,7.7,False
Ребята с улицы,1991,США,Джон Синглтон,7.7,False
Семейка Брэди,1995,США,Бетти Томас,5.6,False
Рождённый убивать,1967,Япония,Сэйдзюн Судзуки,7.1,False
Храброе сердце,1995,США,Мэл Гибсон,8.3,False
Бразилия,1985,Великобритания,Терри Гиллиам,7.7,False
Завтрак у Тиффани,1961,США,Блейк Эдвардс,8.0,False
Уходя в отрыв,1979,США,Питер Йетс,7.2,False
Рассекая волны,1996,Дания,Ларс фон Триер,7.9,False
На последнем дыхании,1960,Франция,Жан-Люк Годар,7.8,False
Кирпич,2005,США,Райан Джонсон,6.9,False
Невеста Франкенштейна,1935,США,Джеймс Уэйл,7.1,False
Мост через реку Квай,1957,Великобритания,Дэвид Лин,7.7,False
Короткая встреча,1945,Великобритания,Дэвид Лин,7.7,False
Яркий летний день,1991,Тайвань,Эдвард Ян,7.3,False
Брайтонский леденец,1948,Великобритания,Джон Боултинг,6.8,False
Принесите мне голову Альфредо Гарсиа,1974,США,Сэм Пекинпа,7.2,False
Воспитание Крошки,1938,США,Ховард Хоукс,7.7,True
Бродвей Денни Роуз,1984,США,Вуди Аллен,7.2,False
Горбатая гора,2005,США,Энг Ли,7.6,False
Баффало 66,1997,США,Винсент Галло,7.7,False
Багси Мэлоун,1976,Великобритания,Алан Паркер,7.3,False
Дархэмские быки,1988,США,Рон Шелтон,6.6,False
Детектив Буллитт,1968,США,Питер Йетс,7.2,False
Утомленные солнцем,1994,Россия,Никита Михалков,7.8,False
Буч Кэссиди и Сандэнс Кид,1969,США,Джордж Рой Хилл,8.0,False
Кабаре,1972,США,Боб Фосси,8.0,False
Кабинет доктора Калигари,1920,Германия,Роберт Вине,7.8,False
Клетка для чудаков,1978,Франция,Эдуар Молинаро,7.3,False
Кентерберийская история,1944,Великобритания,Майкл Пауэлл,6.8,False
Захват Фридманов,2003,США,Эндрю Джареки,6.4,False
Караваджо,1986,Великобритания,Дерек Джармен,7.1,False
Так держать Клео!,1964,Великобритания,Джералд Томас,6.2,False
"Машины, которые съели Париж...",1974,Австралия,Питер Уир,5.6,False
Касабланка,1942,США,Майкл Кёртиц,8.0,True
Казино,1995,США,Мартин Скорсезе,8.1,False
Кошка на раскаленной крыше,1958,США,Ричард Брукс,7.9,False
Селин и Жюли совсем заврались,1974,Франция,Жак Риветт,7.1,False
Цементный сад,1992,Великобритания,Эндрю Биркин,6.8,False
Центральный вокзал,1998,Бразилия,Уолтер Саллес,7.6,False
Церемония,1995,Франция,Клод Шаброль,7.2,False
Атака легкой кавалерии,1968,Великобритания,Тони Ричардсон,6.7,False
Огненные колесницы,1981,Великобритания,Хью Хадсон,6.8,False
Шахматисты,1977,Индия,Сатьяджит Рай,7.3,False
Побег из курятника,2000,Великобритания,Питер Лорд,7.0,True
Андалузский пес,1929,Франция,Луис Бунюэль,7.3,False
Дитя,2005,Бельгия,Жан-Пьер Дарденн,6.9,False
Китайский квартал,1974,США,Роман Полански,7.7,False
Чак и Бак,2000,США,Мигель Артета,5.8,False
Чунгкингский экспресс,1994,Гонконг,Вонг Кар-Вай,7.8,True
Болото,2001,Аргентина,Лукресия Мартель,6.1,False
Цинциннати Кид,1965,США,Норман Джуисон,7.4,False
Новый кинотеатр «Парадизо»,1988,Италия,Джузеппе Торнаторе,8.0,True
Гражданин Кейн,1941,США,Орсон Уэллс,7.7,True
Город бога,2002,Бразилия,Фернанду Мейреллиш,8.0,True
Клерки,1994,США,Кевин Смит,7.7,False
Заводной апельсин,1971,Великобритания,Стэнли Кубрик,7.9,False
Близкие контакты третьей степени,1977,США,Стивен Спилберг,7.2,False
Поезда под пристальным наблюдением,1966,Чехословакия,Иржи Менцель,7.5,False
Крупный план,1990,Иран,Аббас Киаростами,7.7,False
Бестолковые,1995,США,Эми Хекерлинг,7.1,False
Блюз членососа,1972,США,Роберт Фрэнк,5.9,False
Хладнокровный Люк,1967,США,Стюарт Розенберг,7.7,False
Товарищи,1986,Великобритания,Билл Дуглас,-1.0,False
Блеф Кугана,1968,США,Дон Сигел,6.4,False
Цвет граната,1968,СССР,Сергей Параджанов,8.1,False
Иди и смотри,1985,СССР,Элем Климов,8.3,True
В компании волков,1984,Великобритания,Нил Джордан,6.7,False
Воздушная тюрьма,1997,США,Саймон Уэст,7.6,False
Конформист,1970,Италия,Бернардо Бертолуччи,7.9,True
Последствия любви,2004,Италия,Паоло Соррентино,7.4,False
Разговор,1974,США,Фрэнсис Форд Коппола,7.6,False
"Повар, вор, его жена и её любовник",1989,Нидерланды,Питер Гринуэй,7.7,False
Ворон,1942,Франция,Анри-Жорж Клузо,7.7,False
Летят журавли,1957,СССР,Михаил Калатозов,8.4,True
Автокатастрофа,1996,Великобритания,Дэвид Кроненберг,6.6,False
Кремастер,1996,США,Мэттью Барни,6.3,False
Преступления и проступки,1989,США,Вуди Аллен,7.2,False
Крокодил Данди,1986,Австралия,Питер Фэймен,7.2,False
Хронос,1992,Мексика,Гильермо дель Торо,6.4,False
Круклин,1994,США,Спайк Ли,6.8,False
Перекрестный огонь,1947,США,Эдвард Дмитрик,6.3,False
"Крадущийся тигр, затаившийся дракон",2000,Тайвань,Энг Ли,7.4,False
Крамб,1994,США,Терри Цвигофф,7.4,False
Жестокая игра,1992,Великобритания,Нил Джордан,7.0,False
Тупик,1966,Великобритания,Роман Полански,7.4,False
Сирано де Бержерак,1990,Франция,Жан-Поль Раппно,7.7,False
Танцующая в темноте,2000,Дания,Ларс фон Триер,8.0,True
Опасные связи,1988,США,Стивен Фрирз,7.8,False
Дантон,1982,Франция,Анджей Вайда,7.6,False
Тёмная Звезда,1974,США,Джон Карпентер,6.6,False
Дорогая,1965,Великобритания,Джон Шлезингер,7.4,False
Американская ночь,1973,Франция,Франсуа Трюффо,7.7,False
"День, когда остановилась Земля",1951,США,Роберт Уайз,7.0,False
Дикие дни,1990,Гонконг,Вонг Кар-Вай,7.3,False
Дни жатвы,1978,США,Терренс Малик,7.4,False
Под кайфом и в смятении,1993,США,Ричард Линклейтер,7.0,False
Мертвые пледов не носят,1982,США,Карл Райнер,6.9,False
Глубокой ночью,1945,Великобритания,Альберто Кавальканти,7.4,False
Мертвые президенты,1995,США,Альберт Хьюз,6.9,False
Связанные насмерть,1988,Канада,Дэвид Кроненберг,7.0,False
Дорогой дневник,1993,Италия,Нанни Моретти,6.6,False
Смерть в Венеции,1971,Италия,Лукино Висконти,7.8,False
Падение западной цивилизации 2: Года металла,1988,США,Пенелопа Сфирис,6.6,False
Охотник на оленей,1978,США,Майкл Чимино,7.8,False
Избавление,1972,США,Джон Бурмен,7.2,False
Отчаянно ищу Сьюзэн,1985,США,Сьюзэн Сейдельман,6.7,False
Объезд,1945,США,Эдгар Дж. Улмер,7.1,False
Девдас,2002,Индия,Санджай Лила Бхансали,8.2,False
Дьявол в голубом платье,1995,США,Карл Франклин,6.6,False
Дьяволы,1971,Великобритания,Кен Рассел,7.8,False
Дьяволицы,1954,Франция,Анри-Жорж Клузо,7.7,False
Дневник сельского священника,1951,Франция,Робер Брессон,7.9,False
Дик Трэйси,1990,США,Уоррен Битти,6.6,False
Крепкий орешек,1988,США,Джон Мактирнан,8.0,False
Врубайся!,2004,США,Онди Тимонер,6.5,False
Забегаловка,1982,США,Барри Левинсон,6.9,False
Грязные танцы,1987,США,Эмиль Ардолино,8.1,False
Грязная дюжина,1967,Великобритания,Роберт Олдрич,7.2,False
Грязный Гарри,1971,США,Дон Сигел,7.5,False
Отпетые мошенники,1988,США,Фрэнк Оз,8.0,False
Скромное обаяние буржуазии,1972,Франция,Луис Бунюэль,7.7,False
"Далекие голоса, застывшие жизни",1988,Великобритания,Теренс Дэвис,6.9,False
Дива,1981,Франция,Жан-Жак Бенекс,7.1,False
Джанго,1966,Италия,Серджио Корбуччи,7.4,True
Делай как надо,1989,США,Спайк Ли,7.2,False
Вышибалы,2004,Германия,Роусон Маршалл Тёрбер,6.3,False
Собачий полдень,1975,США,Сидни Люмет,7.7,False
Парни на скейтах,2001,США,Стэйси Перальта,7.6,False
Догвилль,2003,Дания,Ларс фон Триер,8.0,True
Сладкая жизнь,1960,Италия,Федерико Феллини,7.9,True
Не оглядывайся,1967,США,Д.А. Пеннебейкер,7.4,False
А теперь не смотри,1973,Великобритания,Николас Роуг,6.9,False
Донни Браско,1997,США,Майк Ньюэлл,7.8,False
Донни Дарко,2001,США,Ричард Келли,7.6,True
Двойная страховка,1944,США,Билли Уайлдер,7.9,False
Поллюкс и синий кот,1970,Франция,Серж Дано,-1.0,False
Стукач,1962,Франция,Жан-Пьер Мельвиль,7.6,False
Вне закона,1986,США,Джим Джармуш,7.8,True
Бункер,2004,Германия,Оливер Хиршбигель,7.8,False
"Доктор Стрейнджлав, или Как я научился не волноваться и полюбил атомную бомбу",1963,Великобритания,Стэнли Кубрик,8.0,False
Доктор Живаго,1965,Италия,Дэвид Лин,7.1,False
Дракула,1958,Великобритания,Теренс Фишер,6.8,False
Контракт рисовальщика,1982,Великобритания,Питер Гринуэй,7.4,False
Воображаемая жизнь ангелов,1998,Франция,Эрик Зонка,6.8,False
"Сны, которые можно купить за деньги",1947,США,Ханс Рихтер,6.8,False
Костюмер,1983,Великобритания,Питер Йетс,7.3,False
Аптечный ковбой,1989,США,Гас Ван Сент,7.2,False
Пьяный мастер,1978,Гонконг,Юэнь У-Пин,7.8,False
Утиный суп,1933,США,Лео МакКери,6.8,False
Тупой и еще тупее,1994,США,Питер Фаррелли,7.2,False
К востоку от рая,1955,США,Элиа Казан,7.8,False
Беспечный ездок,1969,США,Деннис Хоппер,7.6,False
Эдвард II,1991,Великобритания,Дерек Джармен,7.1,False
Эдвард руки-ножницы,1990,США,Тим Бёртон,8.0,False
8 с половиной,1963,Италия,Федерико Феллини,8.0,True
Восемь выходят из игры,1988,США,Джон Сейлз,6.7,False
8 миля,2002,США,Кёртис Хэнсон,7.7,False
Выскочка,1999,США,Александр Пэйн,6.6,False
Слон,2003,США,Гас Ван Сент,6.4,True
Человек-слон,1980,США,Дэвид Линч,8.1,False
Елизавета,1998,Великобритания,Шекхар Капур,7.7,False
Элмер Гантри,1960,США,Ричард Брукс,7.2,False
Империя солнца,1987,США,Стивен Спилберг,7.9,False
Конец века,2003,США,Джим Филдс,6.9,False
Бесконечное лето,1966,США,Брюс Браун,7.1,False
Дети райка,1945,Франция,Марсель Карне,7.9,False
Английский пациент,1996,США,Энтони Мингелла,7.9,False
"Каждый за себя, а Бог против всех",1974,Германия (ФРГ),Вернер Херцог,7.7,False
Выход Дракона,1973,Гонконг,Роберт Клауз,7.8,False
Голова-ластик,1977,США,Дэвид Линч,7.3,True
Инопланетянин,1982,США,Стивен Спилберг,7.8,False
Вечное сияние чистого разума,2004,США,Мишель Гондри,8.0,False
Зловещие мертвецы,1981,США,Сэм Рэйми,7.2,False
Изгоняющий дьявола,1973,США,Уильям Фридкин,7.7,False
Глаза без лица,1959,Франция,Жорж Франжю,7.0,False
Знаменитые братья Бейкер,1989,США,Стивен Кловз,7.1,False
Лицо в толпе,1957,США,Элиа Казан,7.4,False
Без лица,1997,США,Джон Ву,7.8,False
Факультет,1998,США,Роберт Родригес,7.3,False
Фаренгейт 9/11,2004,США,Майкл Мур,7.7,False
Поверженный идол,1948,Великобритания,Кэрол Рид,7.4,False
Фанни и Александр,1982,Швеция,Ингмар Бергман,7.9,True
Вдали от рая,2002,США,Тодд Хейнс,6.7,False
"Прощай, моя наложница",1993,Китай,Чэнь Кайгэ,7.7,False
Фарго,1995,Великобритания,Джоэл Коэн,7.6,False
Беспечные времена в «Риджмонт Хай»,1982,США,Эми Хекерлинг,6.7,False
"Быстрее, кошечка! Убей, убей!",1965,США,Расс Майер,6.6,False
Страх съедает душу,1974,Германия (ФРГ),Райнер Вернер Фассбиндер,7.7,False
Выходной день Ферриса Бьюллера,1986,США,Джон Хьюз,7.6,False
Торжество,1998,Дания,Томас Винтерберг,7.4,False
Поле чудес,1989,США,Фил Олден Робинсон,7.2,False
Пятый элемент,1997,Франция,Люк Бессон,8.2,True
Бойцовский клуб,1999,США,Дэвид Финчер,8.7,False
Начались пожары,1943,Великобритания,Хамфри Дженнингс,5.7,False
Рыбка по имени Ванда,1988,Великобритания,Чарльз Крайтон,7.3,False
Кулаки в кармане,1965,Италия,Марко Беллоккьо,7.7,False
Фицкарральдо,1982,Германия (ФРГ),Вернер Херцог,7.9,False
Пять легких пьес,1970,США,Боб Рейфелсон,7.4,False
Плоть,1968,США,Пол Моррисси,5.8,False
Не будите спящую собаку,1996,США,Дэвид О. Расселл,6.4,False
Муха,1986,США,Дэвид Кроненберг,7.3,False
Силы зла,1948,США,Абрахам Полонски,6.6,False
Азарт удачи,1966,США,Билли Уайлдер,7.4,False
Четыре всадника Апокалипсиса,1921,США,Рекс Ингрэм,6.7,False
Четыреста ударов,1959,Франция,Франсуа Трюффо,8.1,False
Франкенштейн,1931,США,Джеймс Уэйл,7.4,False
Уродцы,1932,США,Тод Браунинг,7.8,True
Французский связной,1971,США,Уильям Фридкин,7.6,False
Подставное лицо,1976,США,Мартин Ритт,7.2,False
Беглец,1993,США,Эндрю Дэвис,7.9,False
Забавные игры,1997,Австрия,Михаэль Ханеке,7.3,False
Шатание,1996,Великобритания,Эндрю Коттинг,-1.0,False
Сад Финци-Контини,1970,Италия,Витторио Де Сика,6.7,False
Паровоз Генерал,1926,США,Клайд Брукман,7.9,False
Убрать Картера,1971,Великобритания,Майк Ходжис,7.2,False
Привидение,1990,США,Джерри Цукер,8.2,False
Пёс-призрак: Путь самурая,1999,Франция,Джим Джармуш,7.7,False
Призрак в доспехах,1995,Япония,Мамору Осии,8.0,False
Призрачный мир,2001,Великобритания,Терри Цвигофф,7.1,False
Охотники за привидениями,1984,США,Айвен Райтман,8.0,False
Гигант,1956,США,Джордж Стивенс,7.5,False
Жижи,1958,США,Винсент Миннелли,6.3,False
Гильда,1946,США,Чарльз Видор,7.5,False
Дай мне кров,1970,США,Альберт Мэйслес,7.6,False
Оборотень,2000,Канада,Джон Фоусет,7.0,False
Гладиатор,2000,США,Ридли Скотт,8.6,False
Гленгарри Глен Росс (Американцы),1992,США,Джеймс Фоули,7.4,False
Глория,1980,США,Джон Кассаветис,7.0,False
Посредник,1971,Великобритания,Джозеф Лоузи,7.3,False
Крестный отец,1972,США,Фрэнсис Форд Коппола,8.7,False
Крестный отец 2,1974,США,Фрэнсис Форд Коппола,8.5,False
Голдфингер,1964,Великобритания,Гай Хэмилтон,7.7,False
"Голем, как он пришел в мир",1920,Германия,Пауль Вегенер,7.0,False
Унесённые ветром,1939,США,Виктор Флеминг,8.4,True
Доброй ночи и удачи,2005,Великобритания,Джордж Клуни,7.0,False
"Хороший, плохой, злой",1966,Италия,Серджио Леоне,8.5,False
Славные парни,1990,США,Мартин Скорсезе,8.1,False
Госфорд-парк,2001,Великобритания,Роберт Олтмен,6.8,True
Евангелие от Матфея,1964,Италия,Пьер Паоло Пазолини,7.8,False
Выпускник,1967,США,Майк Николс,7.9,False
Большое путешествие,2004,Франция,Исмаэль Феррухи,6.1,False
Большая жратва,1973,Франция,Марко Феррери,7.5,False
Великая иллюзия,1937,Франция,Жан Ренуар,7.8,False
Гроздья гнева,1940,США,Джон Форд,7.6,True
Могила светлячков,1988,Япония,Исао Такахата,8.2,False
Бриолин,1978,США,Рэндал Клайзер,7.6,False
Великий диктатор,1940,США,Чарльз Чаплин,8.1,False
Большие надежды,1946,Великобритания,Дэвид Лин,7.1,False
Большое надувательство Рок-н-ролла,1980,Великобритания,Джульен Темпл,7.0,False
Алчность,1924,США,Эрих фон Штрогейм,7.7,False
Девушка Грегори,1980,Великобритания,Билл Форсайт,6.0,False
Серые сады,1975,США,Эллен Джиффард,7.3,False
Кидалы,1990,США,Стивен Фрирз,6.6,False
Человек гризли,2005,США,Вернер Херцог,7.2,False
Убийство в Гросс-Пойнте,1997,США,Джордж Армитедж,6.6,False
День сурка,1993,США,Харольд Рэмис,8.1,False
Гуммо,1997,США,Хармони Корин,6.7,False
Без ума от оружия,1949,США,Джозеф Х. Льюис,7.1,False
Парни и куколки,1955,США,Джозеф Лео Манкевич,6.5,False
Ненависть,1995,Франция,Матьё Кассовиц,7.8,True
Муж парикмахерши,1990,Франция,Патрис Леконт,7.2,False
Лак для волос,1988,США,Джон Уотерс,6.7,False
Хэллоуин,1978,США,Джон Карпентер,7.0,False
Счастье,1998,США,Тодд Солондз,7.2,False
Круто сваренные,1992,Гонконг,Джон Ву,7.6,False
The Beatles: Вечер трудного дня,1964,Великобритания,Ричард Лестер,8.0,False
Тернистый путь,1972,Ямайка,Перри Хенцель,6.8,False
Гарольд и Мод,1971,США,Хэл Эшби,7.6,False
Харпер,1966,США,Джек Смайт,7.0,False
Призрак дома на холме,1963,Великобритания,Роберт Уайз,6.9,False
Ведьмы,1922,Швеция,Беньямин Кристенсен,7.5,False
Голова,1968,США,Боб Рейфелсон,5.9,False
Головой о стену,2003,Германия,Фатих Акин,7.6,False
Сердца и мысли,1974,США,Питер Дэвис,6.3,False
Схватка,1995,США,Майкл Манн,8.0,False
Смертельное влечение,1988,США,Майкл Леманн,7.1,False
Врата рая,1980,США,Майкл Чимино,6.4,False
Небесные создания,1994,Новая Зеландия,Питер Джексон,6.9,False
Хедвиг и The Angry Inch,2001,Канада,Джон Кэмерон Митчелл,7.2,False
Родной край: хроники Германии,1984,Германия (ФРГ),Эдгар Райц,6.2,False
Ад — это город,1960,Великобритания,Вэл Гест,6.3,False
Ад раскрылся,1941,США,Г.К. Поттер,7.0,False
Генри: Портрет серийного убийцы,1986,США,Джон МакНотон,6.6,False
Король Генрих V,1944,Великобритания,Лоуренс Оливье,6.8,False
Хестер-стрит,1975,США,Джоан Миклин Сильвер,6.0,False
Скрытое,2004,Франция,Михаэль Ханеке,6.7,False
Ровно в полдень,1952,США,Фред Циннеман,7.4,True
Рука напрокат,1971,США,Питер Фонда,6.4,False
"Хиросима, моя любовь",1959,Франция,Ален Рене,8.0,False
Его девушка Пятница,1939,США,Ховард Хоукс,7.4,True
Оправданная жестокость,2005,США,Дэвид Кроненберг,6.9,False
Святая гора,1973,Мексика,Алехандро Ходоровски,7.8,False
Убийцы медового месяца,1970,США,Леонард Кастл,6.7,False
Надежда и слава,1987,Великобритания,Джон Бурмен,6.9,False
Конокрад,1986,Китай,Тянь Чжуанчжуан,5.9,False
Типа крутые легавые,2007,Великобритания,Эдгар Райт,7.7,False
Часы и времена,1991,США,Кристофер Мюнх,5.2,False
Дом летающих кинжалов,2004,Китай,Чжан Имоу,7.8,False
Обитель радости,2000,Великобритания,Теренс Дэвис,7.2,False
Музей восковых фигур,1953,США,Андре Де Тот,6.9,False
Говардс-Энд,1991,Великобритания,Джеймс Айвори,7.1,False
Хад,1962,США,Мартин Ритт,7.3,False
Икота,2002,Венгрия,Дьёрдь Пальфи,6.6,False
Бильярдист,1961,США,Роберт Россен,7.8,False
"Я знаю, куда я иду!",1945,Великобритания,Майкл Пауэлл,7.1,False
Я гуляла с зомби,1943,США,Жак Турнёр,6.4,False
Солдат в юбке,1949,США,Ховард Хоукс,6.5,False
Ледяной ветер,1997,Франция,Энг Ли,7.0,False
Идиоты,1998,Дания,Ларс фон Триер,7.1,True
Если...,1968,Великобритания,Линдсей Андерсон,7.4,False
Жить,1952,Япония,Акира Куросава,8.1,False
Я никогда не забуду это имя,1967,Великобритания,Майкл Уиннер,5.6,False
В укромном месте,1950,США,Николас Рэй,7.4,False
В компании мужчин,1997,США,Нил Лабут,6.6,False
Полуночная жара,1967,США,Норман Джуисон,7.6,False
Любовное настроение,2000,Гонконг,Вонг Кар-Вай,7.9,True
Во имя отца,1993,Ирландия,Джим Шеридан,7.8,False
Империя чувств,1976,Япония,Нагиса Осима,6.8,False
В этом мире,2002,Великобритания,Майкл Уинтерботтом,6.5,False
День независимости,1996,США,Роланд Эммерих,7.6,False
Двойная рокировка,2002,Гонконг,Эндрю Лау,7.7,True
Невинные,1961,Великобритания,Джек Клейтон,7.1,False
Свой человек,1999,США,Майкл Манн,7.6,False
Нетерпимость,1916,США,Дэвид Уорк Гриффит,7.7,False
Вторжение похитителей тел,1955,США,Дон Сигел,7.2,False
Досье Ипкресс,1965,Великобритания,Сидни Дж. Фьюри,7.1,False
Ирма Веп,1996,Франция,Оливье Ассайас,6.6,False
Стальной гигант,1999,США,Брэд Бёрд,8.1,False
Необратимость,2002,Франция,Гаспар Ноэ,7.1,False
Это случилось однажды ночью,1934,США,Фрэнк Капра,7.9,False
Эта замечательная жизнь,1947,США,Фрэнк Капра,8.4,True
Итальянская работа,1969,Великобритания,Питер Коллинсон,7.2,False
Иван Грозный,1944,СССР,Сергей Эйзенштейн,8.1,True
Иван под экстази,2000,Великобритания,Бернард Роуз,5.8,False
Джеки Браун,1997,США,Квентин Тарантино,7.1,False
Жако из Нанта,1991,Франция,Аньес Варда,6.5,False
Япония,2001,Мексика,Карлос Рейгадас,6.8,False
Ясон и аргонавты,1963,Великобритания,Дон Чэффи,7.0,False
Челюсти,1975,США,Стивен Спилберг,7.3,False
Придурок,1979,США,Карл Райнер,6.6,False
Джерри Магуайер,1996,США,Кэмерон Кроу,7.4,False
Взлетная полоса,1962,Франция,Крис Маркер,7.7,False
Джонни-гитара,1954,США,Николас Рэй,7.0,False
День начинается,1939,Франция,Марсель Карне,7.7,False
Юбилей,1978,Великобритания,Дерек Джармен,6.7,False
Жюль и Джим,1962,Франция,Франсуа Трюффо,7.7,False
Книга джунглей,1967,США,Вольфганг Райтерман,7.8,False
Парк Юрского периода,1993,США,Стивен Спилберг,7.8,False
Канал,1956,Польша,Анджей Вайда,7.5,False
Кандагар,2001,Иран,Мохсен Махмальбаф,6.9,False
Парень-каратист,1984,США,Джон Г. Эвилдсен,7.3,False
В руках бога,2004,США,Лодж Х. Керриган,6.0,False
Кес,1969,Великобритания,Кен Лоуч,8.0,False
Детки,1995,США,Ларри Кларк,6.3,False
Забойщик овец,1977,США,Чарльз Бёрнетт,6.3,False
Наёмный убийца,1989,Гонконг,Джон Ву,7.7,False
Убийцы,1946,США,Роберт Сьодмак,7.3,False
Убийство китайского букмекера,1976,США,Джон Кассаветис,7.2,False
Убийство,1956,США,Стэнли Кубрик,7.6,False
Добрые сердца и короны,1949,Великобритания,Роберт Хеймер,7.7,False
Кинг Конг,1933,США,Мериан К. Купер,7.1,True
Король Лир,1970,СССР,Григорий Козинцев,8.1,False
Король комедии,1982,США,Мартин Скорсезе,7.6,False
Король Нью-Йорка,1989,Италия,Абель Феррара,6.8,False
Целуй меня насмерть,1955,США,Роберт Олдрич,6.9,False
Поцелуй женщины-паука,1985,Бразилия,Эктор Бабенко,7.5,False
Клют,1971,США,Алан Дж. Пакула,6.9,False
Нож в воде,1962,Польша,Роман Полански,7.4,False
Кояанискатси,1983,США,Годфри Реджио,8.2,False
Кайдан: Повествование о загадочном и ужасном,1964,Япония,Масаки Кобаяси,7.8,False
Секреты Лос-Анджелеса,1997,США,Кёртис Хэнсон,7.9,False
Кружевница,1977,Швейцария,Клод Горетта,7.6,False
Лакомб Люсьен,1974,Франция,Луи Маль,7.8,False
Леди Ева,1941,США,Престон Стёрджес,7.1,False
Убийцы леди,1955,Великобритания,Александр Маккендрик,7.1,False
Лагаан: Однажды в Индии,2001,Индия,Ашутош Говарикер,6.9,False
"Земля, забытая временем",1974,Великобритания,Кевин Коннор,6.0,False
Лантана,2001,Австралия,Рэй Лоуренс,6.6,False
Жаворонки на нити,1969,Чехословакия,Иржи Менцель,7.1,False
Последние дни,2004,США,Гас Ван Сент,6.6,False
Последнее метро,1980,Франция,Франсуа Трюффо,7.5,False
Последний фильм,1971,США,Деннис Хоппер,6.0,False
Последний киносеанс,1971,США,Питер Богданович,7.9,False
Последнее пристанище,2000,Великобритания,Павел Павликовский,6.2,False
Последнее соблазнение,1994,Великобритания,Джон Дал,6.6,False
Последнее танго в Париже,1972,Италия,Бернардо Бертолуччи,7.4,False
В прошлом году в Мариенбаде,1961,Франция,Ален Рене,7.8,False
Лора,1944,США,Отто Преминджер,7.4,False
Банда с Лавендер Хилл,1951,Великобритания,Чарльз Крайтон,7.3,False
Закон желания,1986,Испания,Педро Альмодовар,7.2,False
Лоуренс Аравийский,1962,Великобритания,Дэвид Лин,8.0,False
Покидая Лас-Вегас,1995,США,Майк Фиггис,7.3,False
Ленинградские ковбои едут в Америку,1989,Финляндия,Аки Каурисмяки,7.1,False
Леон,1994,Франция,Люк Бессон,8.7,True
Леопард,1963,Италия,Лукино Висконти,7.7,False
Сладости жизни,1990,Великобритания,Майк Ли,7.0,False
Лифт на эшафот,1958,Франция,Луи Маль,7.9,False
Чуткий сон,1992,США,Пол Шредер,6.7,False
Огни рампы,1952,США,Чарльз Чаплин,8.1,False
Англичанин,1999,США,Стивен Содерберг,6.2,False
Жидкое небо,1982,США,Слава Цукерман,6.6,False
Маленький Большой Человек,1970,США,Артур Пенн,7.6,False
Маленький Цезарь,1930,США,Мервин ЛеРой,6.7,False
Живая плоть,1997,Испания,Педро Альмодовар,7.5,False
Жизнь других,2006,Германия,Флориан Хенкель фон Доннерсмарк,8.1,False
Местный герой,1983,Великобритания,Билл Форсайт,6.9,False
Жилец,1927,Великобритания,Альфред Хичкок,7.5,False
Бегство Логана,1976,США,Майкл Андерсон,6.6,False
Лола,1961,Франция,Жак Деми,7.0,False
Лолита,1962,Великобритания,Стэнли Кубрик,7.1,False
Лондон,1994,Великобритания,Патрик Кейллер,-1.0,False
Одинокие отважны,1962,США,Дэвид Миллер,6.8,False
Долгая Страстная пятница,1979,Великобритания,Джон Маккензи,7.3,False
Долгое прощание,1973,США,Роберт Олтмен,7.1,False
Властелин колец: Братство кольца,2001,Новая Зеландия,Питер Джексон,8.6,False
Затерянные в Ла-Манче,2002,Великобритания,Кит Фултон,7.2,False
Трудности перевода,2003,США,София Коппола,7.2,False
Затерянный мир,1925,США,Гарри О. Хойт,7.0,False
Лулу,1980,Франция,Морис Пиала,6.6,False
Любовь – это дьявол,1998,Великобритания,Джон Мэйбери,6.2,False
Любовники,1958,Франция,Луи Маль,7.2,False
М убийца,1931,Германия,Фриц Ланг,7.9,False
Каникулы господина Юло,1953,Франция,Жак Тати,7.1,False
Безумный Макс,1979,Австралия,Джордж Миллер,6.9,False
Сделано в Британии,1983,Великобритания,Алан Кларк,6.7,False
Великолепная семерка,1960,США,Джон Стёрджес,7.7,False
Магнолия,1999,США,Пол Томас Андерсон,7.4,False
Тусовщики из супермаркета,1995,США,Кевин Смит,7.1,False
Мальтийский сокол,1941,США,Джон Хьюстон,7.7,True
Мама Рома,1962,Италия,Пьер Паоло Пазолини,8.0,False
Человек кусает собаку,1992,Бельгия,Реми Бельво,7.2,False
"Человек, который застрелил Либерти Вэланса",1962,США,Джон Форд,7.5,False
"Человек, который хотел быть королем",1975,Великобритания,Джон Хьюстон,7.8,False
Человек с киноаппаратом,1929,СССР,Дзига Вертов,8.5,False
Человек с золотой рукой,1955,США,Отто Преминджер,7.3,False
Мозги набекрень,1983,США,Карл Райнер,6.4,False
Маньчжурский кандидат,1962,США,Джон Франкенхаймер,7.0,False
Марат/Сад,1967,Великобритания,Питер Брук,7.5,False
Марафонец,1976,США,Джон Шлезингер,7.1,False
Замужество Марии Браун,1979,Германия (ФРГ),Райнер Вернер Фассбиндер,7.6,False
Военно-полевой госпиталь,1969,США,Роберт Олтмен,7.3,False
Маска Сатаны,1960,Италия,Марио Бава,6.8,False
Мэтуон,1987,США,Джон Сейлз,7.2,False
Матрица,1999,США,Лана Вачовски,8.5,False
Лестница в небо,1946,Великобритания,Майкл Пауэлл,7.1,False
МакКейб и миссис Миллер,1971,США,Роберт Олтмен,7.3,False
"Я и ты и все, кого мы знаем",2005,США,Миранда Джулай,6.7,False
С тобой и без тебя,2001,Великобритания,Сандра Голдбахер,7.3,False
Дрянные девчонки,2004,США,Марк Уотерс,7.0,False
Злые улицы,1973,США,Мартин Скорсезе,7.1,False
Встреть меня в Сент-Луисе,1944,США,Винсент Миннелли,7.1,True
Знакомство с родителями,2000,США,Джей Роуч,7.5,False
Мементо,2000,США,Кристофер Нолан,7.9,True
Воспоминания об убийстве,2003,Корея Южная,Пон Джун-хо,7.6,True
Воспоминания об отсталости,1968,Куба,Томас Гутьеррес Алеа,7.0,False
Люди в чёрном,1997,США,Барри Зонненфельд,8.0,False
Мефисто,1981,Венгрия,Иштван Сабо,7.8,False
Презрение,1963,Франция,Жан-Люк Годар,7.4,False
Метрополис,1927,Германия,Фриц Ланг,8.1,False
Золотая молодежь,1989,США,Уит Стиллман,7.2,False
Микрокосмос,1996,Франция,Клод Нуридзани,8.1,False
Полуночный ковбой,1969,США,Джон Шлезингер,7.7,False
Успеть до полуночи,1988,США,Мартин Брест,7.7,False
Мики и Ники,1976,США,Элейн Мей,6.9,False
Милдред Пирс,1945,США,Майкл Кёртиц,7.6,False
Перекресток Миллера,1990,США,Джоэл Коэн,7.6,False
Малышка на миллион,2004,США,Клинт Иствуд,8.1,True
Зеркало,1974,СССР,Андрей Тарковский,8.1,True
Неприкаянные,1961,США,Джон Хьюстон,7.1,False
Новые времена,1936,США,Чарльз Чаплин,8.1,True
Мой дядюшка,1958,Франция,Жак Тати,7.3,False
Мсье Ир,1989,Франция,Патрис Леконт,7.7,False
Свадьба в сезон дождей,2001,Индия,Мира Наир,6.7,False
Монти Пайтон и Священный Грааль,1975,Великобритания,Терри Гиллиам,7.8,False
Житие Брайана по Монти Пайтон,1979,Великобритания,Терри Джонс,7.8,False
Убежище,2003,Сенегал,Усман Сембен,6.9,False
Морверн Каллар,2002,Великобритания,Линн Рэмси,6.0,False
Мамочка и шлюха,1973,Франция,Жан Эсташ,8.0,False
Великий Могол,1960,Индия,К. Азиф,6.7,False
Малхолланд Драйв,2001,США,Дэвид Линч,7.7,False
Свадьба Мюриэл,1994,Австралия,П.Дж. Хоган,7.1,False
Мой архитектор,2003,США,Натаниель Кан,7.0,False
Моя прекрасная прачечная,1985,Великобритания,Стивен Фрирз,6.0,False
Моя блестящая карьера,1979,Австралия,Джиллиан Армстронг,6.7,False
Мое детство,1972,Великобритания,Билл Дуглас,6.8,False
Моя дорогая Клементина,1946,США,Джон Форд,7.1,False
Мой ужин с Андре,1981,США,Луи Маль,7.1,False
Моя прекрасная леди,1964,США,Джордж Кьюкор,8.0,False
Моя левая нога,1989,Ирландия,Джим Шеридан,7.9,False
Моя собачья жизнь,1985,Швеция,Лассе Халльстрём,7.5,False
Ночь у Мод,1969,Франция,Эрик Ромер,7.8,False
Мое лето любви,2004,Великобритания,Павел Павликовский,6.2,False
Обнаженная,1993,Великобритания,Майк Ли,7.7,False
Голый пистолет,1988,США,Дэвид Цукер,7.4,False
Няня,1965,Великобритания,Сет Холт,7.2,False
Нанук с Севера,1922,Франция,Роберт Дж. Флаэрти,7.8,False
Наполеон,1927,Франция,Абель Ганс,7.4,False
Нэшвилл,1975,США,Роберт Олтмен,6.9,False
Почти стемнело,1987,США,Кэтрин Бигелоу,6.6,False
Ночь и город,1950,Великобритания,Жюль Дассен,7.6,False
Вечер в опере,1935,США,Сэм Вуд,7.0,False
Ночь охотника,1955,США,Чарльз Лотон,7.2,False
Ночь живых мертвецов,1968,США,Джордж А. Ромеро,7.2,False
Аллея кошмаров,1947,США,Эдмунд Гулдинг,7.1,False
Кошмар на улице Вязов,1984,США,Уэс Крэйвен,7.7,False
Ночи Кабирии,1957,Италия,Федерико Феллини,8.0,False
Никита,1990,Франция,Люк Бессон,7.2,True
Не глотать,1997,Великобритания,Гари Олдман,6.8,False
Ниночка,1939,США,Эрнст Любич,7.7,True
Девятая конфигурация,1980,США,Уильям Питер Блэтти,6.0,False
Север,1983,Великобритания,Грегори Нава,6.2,False
На север через северо-запад,1959,США,Альфред Хичкок,7.8,False
"Носферату, симфония ужаса",1922,Германия,Фридрих Вильгельм Мурнау,7.6,False
Дурная слава,1946,США,Альфред Хичкок,7.4,False
"Вперед, путешественник",1942,США,Ирвинг Раппер,7.5,False
Нигде в Африке,2001,Германия,Каролина Линк,7.2,False
Одиннадцать друзей Оушена,2001,США,Стивен Содерберг,8.1,False
Выбывший из игры,1947,Великобритания,Кэрол Рид,7.3,False
Про уродов и людей,1998,Россия,Алексей Балабанов,7.1,True
Офисное пространство,1999,США,Майк Джадж,6.8,False
Олдбой,2003,Корея Южная,Пак Чхан-ук,8.1,True
Оливер Твист,1948,Великобритания,Дэвид Лин,7.6,False
Забытые,1950,Мексика,Луис Бунюэль,7.7,False
Олимпия,1938,Германия,Лени Рифеншталь,8.0,False
Омен,1976,Великобритания,Ричард Доннер,7.6,False
Увольнение в город,1949,США,Стэнли Донен,7.2,False
В порту,1954,США,Элиа Казан,7.7,False
Однажды в Америке,1983,Италия,Серджио Леоне,8.3,False
Однажды в Китае,1991,Гонконг,Цуй Харк,7.2,True
Однажды на Диком Западе,1968,Италия,Серджио Леоне,8.0,False
Одноглазые валеты,1961,США,Марлон Брандо,6.6,False
Один неверный ход,1991,США,Карл Франклин,6.3,False
Пролетая над гнездом кукушки,1975,США,Милош Форман,8.5,False
Миллион лет до нашей эры,1966,Великобритания,Дон Чэффи,6.7,False
Пропавший динозавр,1975,Великобритания,Роберт Стивенсон,5.6,False
Женщина-демон,1964,Япония,Канэто Синдо,7.6,False
Орландо,1992,Великобритания,Салли Поттер,7.2,False
Орфей,1950,Франция,Жан Кокто,8.0,False
Усама,2003,Афганистан,Сиддик Бармак,6.8,False
Другие,2001,Испания,Алехандро Аменабар,7.9,False
Вне поля зрения,1998,США,Стивен Содерберг,6.9,False
Из прошлого,1947,США,Жак Турнёр,7.3,False
Джоси Уэйлс – человек вне закона,1976,США,Клинт Иствуд,7.2,False
Изгои,1983,США,Фрэнсис Форд Коппола,7.2,False
Ящик Пандоры,1929,Германия,Георг Вильгельм Пабст,7.6,False
Лабиринт Фавна,2006,Мексика,Гильермо дель Торо,7.6,False
Заговор «Параллакс»,1974,США,Алан Дж. Пакула,6.7,False
Родители,1988,Канада,Боб Балабан,5.8,False
"Париж, Техас",1984,Германия (ФРГ),Вим Вендерс,7.9,False
Страсти Жанны д'Арк,1928,Франция,Карл Теодор Дрейер,8.0,False
Пэт Гэрретт и Билли Кид,1973,США,Сэм Пекинпа,7.5,False
Песнь дороги,1955,Индия,Сатьяджит Рай,7.7,False
Подглядывающий,1960,Великобритания,Майкл Пауэлл,7.2,False
Люди в воскресенье,1930,Германия,Роберт Сьодмак,7.5,False
Пепе ле Моко,1936,Франция,Жюльен Дювивье,7.2,False
Представление,1970,Великобритания,Дональд Кэммелл,6.8,False
Маленькая воровка,1988,Франция,Клод Миллер,7.0,False
Филадельфийская история,1940,США,Джордж Кьюкор,7.6,True
Пи,1997,США,Даррен Аронофски,7.5,False
Пианистка,2001,Франция,Михаэль Ханеке,7.2,False
Пианино,1992,Австралия,Джейн Кэмпион,7.8,False
Пиккадилли,1929,Великобритания,Эвальд Андре Дюпон,6.4,False
Карманник,1959,Франция,Робер Брессон,7.5,False
Пикник у Висячей скалы,1975,Австралия,Питер Уир,7.5,False
Розовые фламинго,1972,США,Джон Уотерс,5.7,False
Стена,1982,Великобритания,Алан Паркер,8.1,False
Розовая пантера,1963,США,Блейк Эдвардс,7.0,False
Пираты Карибского моря: Проклятие Черной жемчужины,2003,США,Гор Вербински,8.4,False
Пишоте: Закон самого слабого,1980,Бразилия,Эктор Бабенко,7.2,False
Планета обезьян,1967,США,Франклин Дж. Шаффнер,7.7,False
Взвод,1986,США,Оливер Стоун,8.0,False
"Сыграй это еще раз, Сэм!",1972,США,Херберт Росс,7.7,False
Игрок,1992,США,Роберт Олтмен,7.0,False
Время развлечений,1967,Франция,Жак Тати,7.1,False
На ярком солнце,1960,Франция,Рене Клеман,7.8,False
В упор,1967,США,Джон Бурмен,7.0,False
На гребне волны,1991,Япония,Кэтрин Бигелоу,7.9,True
Полицейская история,1985,Гонконг,Джеки Чан,7.8,True
Полтергейст,1982,США,Тоуб Хупер,7.0,False
Почтальон всегда звонит дважды,1946,США,Тэй Гарнетт,7.3,False
Хищник,1987,США,Джон Мактирнан,7.9,False
Милашка в розовом,1986,США,Ховард Дойч,7.0,False
Расцвет мисс Джин Броди,1968,Великобритания,Рональд Ним,7.6,False
Принцесса-невеста,1987,США,Роб Райнер,7.2,False
Продюсеры,1968,США,Мэл Брукс,7.3,False
Психо,1960,США,Альфред Хичкок,8.1,False
Птанг. Янг. Киппербанг.,1982,Великобритания,Майкл Аптед,-1.0,False
Враг общества,1931,США,Уильям А. Уэллмен,7.3,False
Криминальное чтиво,1994,США,Квентин Тарантино,8.7,False
Качая железо,1976,США,Джордж Батлер,7.9,False
Пурпурный дождь,1984,США,Альберт Магноли,6.6,False
Квадрофения,1979,Великобритания,Фрэнк Роддэм,7.5,False
Телевикторина,1994,США,Роберт Редфорд,7.2,False
Радио в эфире,1979,Великобритания,Кристофер Петит,6.0,False
Бешеный бык,1980,США,Мартин Скорсезе,7.8,False
Индиана Джонс: В поисках утраченного ковчега,1981,США,Стивен Спилберг,8.0,False
Ран,1985,Япония,Акира Куросава,7.9,False
Пресловутое ранчо,1952,США,Фриц Ланг,6.5,False
Расёмон,1950,Япония,Акира Куросава,7.9,True
Реаниматор,1985,США,Стюарт Гордон,7.0,False
Окно во двор,1954,США,Альфред Хичкок,8.0,False
Ребекка,1940,США,Альфред Хичкок,7.9,True
Бунтарь без причины,1955,США,Николас Рэй,7.6,False
Придорожное заведение,1992,США,Джон Дал,7.1,False
Красный гаолян,1988,Китай,Чжан Имоу,7.3,False
Покаяние,1984,СССР,Тенгиз Абуладзе,8.0,False
Конфискатор,1984,США,Алекс Кокс,6.4,False
Реквием по мечте,2000,США,Даррен Аронофски,8.0,False
Бешеные псы,1991,США,Квентин Тарантино,8.1,False
Возвращение Мартина Герра,1982,Франция,Даниэль Винь,7.4,False
Скачи по высокогорью,1962,США,Сэм Пекинпа,6.9,False
Отбросы общества,1991,Великобритания,Кен Лоуч,6.7,False
Мужские разборки,1955,Франция,Жюль Дассен,7.8,False
Парни что надо,1983,США,Филип Кауфман,6.9,False
Звонок,1998,Япония,Хидэо Наката,7.0,True
Рио Браво,1958,США,Ховард Хоукс,7.5,False
Рискованный бизнес,1983,США,Пол Брикман,7.0,False
"Рита, Сью и Боб тоже",1987,Великобритания,Алан Кларк,-1.0,False
На берегу реки,1986,США,Тим Хантер,6.7,False
Роберто Зукко,2001,Франция,Седрик Кан,6.0,False
Робокоп,1987,США,Пол Верховен,7.7,False
Высшая школа рок-н-ролла,1979,США,Аллан Аркуш,6.7,False
Роджер и я,1989,США,Майкл Мур,7.3,False
Роллербол,1975,Великобритания,Норман Джуисон,6.0,False
Римские каникулы,1953,США,Уильям Уайлер,8.3,True
"Рим, открытый город",1945,Италия,Роберто Росселлини,7.8,False
Путь в высшее общество,1958,Великобритания,Джек Клейтон,7.6,False
Комната с видом,1985,Великобритания,Джеймс Айвори,7.1,False
Ребенок Розмари,1968,США,Роман Полански,7.7,False
Руд Бой,1980,Великобритания,Джек Хазан,5.8,False
Правила игры,1939,Франция,Жан Ренуар,7.5,False
Бойцовая рыбка,1983,США,Фрэнсис Форд Коппола,7.7,False
Бегун,1984,Иран,Амир Надери,6.9,False
На холостом ходу,1988,США,Сидни Люмет,7.6,False
Академия Рашмор,1998,США,Уэс Андерсон,7.5,False
Сабрина,1954,США,Билли Уайлдер,8.0,False
Спасение,1995,США,Тодд Хейнс,6.7,False
"Салам, Бомбей",1988,Индия,Мира Наир,6.9,False
"Сало, или 120 дней Содома",1975,Италия,Пьер Паоло Пазолини,5.4,False
Самурай,1967,Франция,Жан-Пьер Мельвиль,7.8,True
Без солнца,1982,Франция,Крис Маркер,7.4,False
Управляющий Сансё,1954,Япония,Кэндзи Мидзогути,8.2,False
"В субботу вечером, в воскресенье утром",1960,Великобритания,Карел Рейш,7.3,False
Лихорадка субботнего вечера,1977,США,Джон Бэдэм,7.2,False
Дикие ночи,1992,Франция,Сирил Коллар,6.3,False
Спасти рядового Райана,1998,США,Стивен Спилберг,8.2,False
Лицо со шрамом,1983,США,Брайан Де Пальма,8.2,False
Аромат зеленой папайи,1992,Франция,Чан Ань Хунг,7.1,False
Наука сна,2006,Франция,Мишель Гондри,7.2,False
Восход Скорпиона,1963,США,Кеннет Энгер,6.4,False
Охрана,1993,Италия,Рикки Тоньяцци,5.6,False
Крик,1996,США,Уэс Крэйвен,7.3,False
Искатели,1956,США,Джон Форд,7.2,False
Никому не известный герой,1996,Франция,Жак Одиар,6.6,False
Мамочка-маньячка-убийца,1994,США,Джон Уотерс,6.8,False
Слуга,1963,Великобритания,Джозеф Лоузи,7.8,False
Подстава,1949,США,Роберт Уайз,7.2,False
Семь,1995,США,Дэвид Финчер,8.3,False
Семь самураев,1954,Япония,Акира Куросава,8.2,True
Седьмая печать,1957,Швеция,Ингмар Бергман,8.0,True
"Секс, ложь и видео",1989,США,Стивен Содерберг,7.5,False
Сексуальная тварь,2000,Великобритания,Джонатан Глейзер,6.7,False
Тени,1958,США,Джон Кассаветис,7.5,False
Шафт,1971,США,Гордон Паркс,6.5,False
Шейн,1953,США,Джордж Стивенс,6.5,False
Зомби по имени Шон,2004,Великобритания,Эдгар Райт,7.3,False
Побег из Шоушенка,1994,США,Фрэнк Дарабонт,9.1,False
Ей это нужно позарез,1986,США,Спайк Ли,6.4,False
Сияние,1980,США,Стэнли Кубрик,7.8,False
Шоа,1985,Франция,Клод Ланзманн,8.2,False
Шоковый коридор,1963,США,Сэмюэл Фуллер,7.4,False
Месть и закон,1975,Индия,Рамеш Сиппи,7.8,True
Стреляйте в пианиста,1960,Франция,Франсуа Трюффо,7.5,False
Короткий монтаж,1993,США,Роберт Олтмен,7.3,False
Короткий фильм об убийстве,1987,Польша,Кшиштоф Кесьлёвский,7.7,False
Шрэк,2001,США,Эндрю Адамсон,8.2,False
На обочине,2004,США,Александр Пэйн,7.0,False
Молчание ягнят,1990,США,Джонатан Демме,8.3,False
Молчаливое бегство,1972,США,Дуглас Трамбалл,6.3,False
Силквуд,1983,США,Майк Николс,7.0,False
Поющие под дождем,1951,США,Стэнли Донен,8.0,True
Сэр Генри с Равилсон Энд,1980,Великобритания,Стив Робертс,-1.0,False
Шестое чувство,1999,США,М. Найт Шьямалан,8.2,False
Бездельник,1990,США,Ричард Линклейтер,7.3,False
Сонная Лощина,1999,США,Тим Бёртон,7.9,False
Игра на вылет,1972,Великобритания,Джозеф Лео Манкевич,7.9,False
Трущобы Беверли Хиллз,1998,США,Тамара Дженкинс,6.4,False
Маленькие личики,1996,Великобритания,Гиллис МакКиннон,6.1,False
Маленький мир Сэмми Ли,1963,Великобритания,Кен Хьюз,-1.0,False
Улыбки летней ночи,1955,Швеция,Ингмар Бергман,7.6,False
Белоснежка и семь гномов,1937,США,Уильям Коттрелл,7.9,True
Солярис,1972,СССР,Андрей Тарковский,8.0,True
В джазе только девушки,1959,США,Билли Уайлдер,8.4,False
Сонатина,1993,Япония,Такеши Китано,7.6,False
Песни со второго этажа,2000,Швеция,Рой Андерссон,7.1,False
Сыновья и любовники,1960,Великобритания,Джек Кардифф,5.8,False
Комната сына,2001,Италия,Нанни Моретти,6.6,False
Печаль и жалость,1969,Швейцария,Марсель Офюльс,6.8,False
Юг,1919,Австралия,Фрэнк Хёрли,6.2,False
"Южный Парк: Большой, длинный, необрезанный",1999,США,Трей Паркер,7.7,False
Я – Куба,1964,Куба,Михаил Калатозов,8.0,False
Зеленый сойлент,1973,США,Ричард Флейшер,6.6,False
Раскрепощение,1994,США,Дэвид О. Расселл,6.2,False
Спартак,1960,США,Стэнли Кубрик,7.8,False
Скорость,1994,США,Ян де Бонт,7.8,False
Человек-паук,2002,США,Сэм Рэйми,7.8,False
Винтовая лестница,1946,США,Роберт Сьодмак,7.0,False
Дух улья,1973,Испания,Виктор Эрисе,7.8,False
Унесённые призраками,2001,Япония,Хаяо Миядзаки,8.5,False
"Весна, лето, осень, зима... и снова весна",2003,Корея Южная,Ким Ки Дук,7.9,True
"Шпион, который меня любил",1977,Великобритания,Льюис Гилберт,7.1,False
Огни святого Эльма,1985,США,Джоэл Шумахер,7.0,False
Останься со мной,1986,США,Роб Райнер,7.8,False
Звёздные войны: Эпизод 4 – Новая надежда,1977,США,Джордж Лукас,8.1,False
Звездный десант,1997,США,Пол Верховен,7.6,False
Пароходный Билл,1928,США,Чарльз Райснер,7.7,False
Афера,1973,США,Джордж Рой Хилл,8.1,False
Дорога,1954,Италия,Федерико Феллини,8.0,False
"Более странно, чем в раю",1984,США,Джим Джармуш,7.6,True
Незнакомцы в поезде,1951,США,Альфред Хичкок,7.7,True
Соломенные псы,1971,Великобритания,Сэм Пекинпа,7.7,False
Трамвай «Желание»,1951,США,Элиа Казан,7.9,True
Танцы без правил,1992,Австралия,Баз Лурман,7.6,False
Странствия Салливана,1941,США,Престон Стёрджес,7.5,False
Восход солнца,1927,США,Фридрих Вильгельм Мурнау,7.9,False
Сансет бульвар,1950,США,Билли Уайлдер,8.0,True
Суперфлай,1972,США,Гордон Паркс мл.,6.1,False
Супермен,1978,США,Ричард Доннер,7.0,False
Абсолютно точно,1985,США,Роб Райнер,7.1,False
Суспирия,1977,Италия,Дарио Ардженто,7.0,False
Швы,1993,США,Скотт Макгихи,5.9,False
Славное будущее,1997,Канада,Атом Эгоян,7.0,False
Сладкий запах успеха,1957,США,Александр Маккендрик,7.4,False
Свит Свитбэк: Песня мерзавца,1971,США,Мелвин Ван Пиблз,5.3,False
Пловец,1968,США,Фрэнк Перри,7.3,False
Тусовщики,1996,США,Даг Лайман,6.6,False
Захват поезда Пелэм 1-2-3,1974,США,Джозеф Сарджент,7.6,False
Роман о лисе,1937,Франция,Ирен Старевич,8.0,False
Талантливый мистер Рипли,1999,США,Энтони Мингелла,7.7,False
Одуванчик,1985,Япония,Дзюдзо Итами,7.3,False
Вкус вишни,1997,Иран,Аббас Киаростами,7.4,False
Таксист,1976,США,Мартин Скорсезе,7.8,False
Отряд «Америка»: Всемирная полиция,2004,США,Трей Паркер,6.2,False
Слезы черного тигра,2000,Таиланд,Висит Сасанатьенг,6.1,False
10 причин моей ненависти,1999,США,Джил Джангер,7.8,False
Терминатор,1984,США,Джеймс Кэмерон,8.0,False
Терминатор 2: Судный день,1991,США,Джеймс Кэмерон,8.4,True
"Тэцуо, железный человек",1989,Япония,Синъя Цукамото,6.9,False
Техасская резня бензопилой,1974,США,Тоуб Хупер,6.7,True
Тельма и Луиза,1991,США,Ридли Скотт,7.7,False
Все без ума от Мэри,1998,США,Бобби Фаррелли,6.7,False
Проклятые,1962,Великобритания,Джозеф Лоузи,6.0,False
Они живут по ночам,1948,США,Николас Рэй,7.2,False
Багдадский вор,1940,Великобритания,Людвиг Бергер,7.3,False
Границы дозволенного,1988,США,Эррол Моррис,7.6,True
Нечто,1951,США,Кристиан Найби,6.5,False
Облик грядущего,1936,Великобритания,Уильям Кэмерон Мензиес,6.6,False
Третий человек,1949,Великобритания,Кэрол Рид,7.6,True
39 ступеней,1935,Великобритания,Альфред Хичкок,7.4,False
Тридцать две истории о Гленне Гульде,1993,Канада,Франсуа Жирар,6.7,False
Это – Spinal Tap,1984,США,Роб Райнер,6.9,False
Такова спортивная жизнь,1963,Великобритания,Линдсей Андерсон,7.3,False
Афера Томаса Крауна,1968,США,Норман Джуисон,7.3,False
Воздушные приключения,1965,Великобритания,Кен Эннакин,7.7,False
Три цвета: Синий,1993,Франция,Кшиштоф Кесьлёвский,7.7,False
Три короля,1999,США,Дэвид О. Расселл,7.1,False
Три мушкетера,1973,США,Ричард Лестер,6.5,False
Трон в крови,1957,Япония,Акира Куросава,7.8,False
Шаровая молния,1965,Великобритания,Теренс Янг,7.3,False
Галактика THX-1138,1971,США,Джордж Лукас,6.6,False
Время цыган,1988,Югославия,Эмир Кустурица,8.0,False
Тайм аут,2001,Франция,Лоран Канте,6.7,False
Обретенное время,1999,Франция,Рауль Руис,6.7,False
Время жить и время умирать,1985,Тайвань,Хоу Сяосянь,6.8,False
Тайм-код,2000,США,Майк Фиггис,6.7,False
Жестяной барабан,1979,Германия (ФРГ),Фолькер Шлёндорф,7.7,False
Титаник,1997,США,Джеймс Кэмерон,8.4,False
Быть или не быть,1942,США,Эрнст Любич,7.8,False
Иметь и не иметь,1944,США,Ховард Хоукс,7.2,False
Убить пересмешника,1962,США,Роберт Маллиган,8.0,False
Вместе,2000,Швеция,Лукас Мудиссон,7.1,False
Токийский скиталец,1966,Япония,Сэйдзюн Судзуки,6.9,False
Токийская повесть,1953,Япония,Ясудзиро Одзу,8.0,False
Том Джонс,1963,Великобритания,Тони Ричардсон,6.2,False
Томми,1975,Великобритания,Кен Рассел,7.4,False
Лучший стрелок,1986,США,Тони Скотт,7.1,False
Крот,1970,Мексика,Алехандро Ходоровски,7.4,False
Печать зла,1958,США,Орсон Уэллс,7.6,False
Касание Дзен,1971,Тайвань,Кинг Ху,6.8,False
Касаясь пустоты,2003,Великобритания,Кевин Макдональд,8.0,False
История игрушек,1995,США,Джон Лассетер,7.9,False
Поезд,1964,Франция,Джон Франкенхаймер,7.6,False
На игле,1995,Великобритания,Дэнни Бойл,8.0,False
Сокровища Сьерра Мадре,1947,США,Джон Хьюстон,8.0,False
Истина в вине,1996,США,Стив Бушеми,6.6,False
Процесс,1962,Франция,Орсон Уэллс,7.7,False
Триумф воли,1935,Германия,Лени Рифеншталь,7.8,False
Трон,1982,США,Стивен Лисбергер,6.9,False
Слишком красивая для тебя,1989,Франция,Бертран Блие,7.1,False
12 обезьян,1995,США,Терри Гиллиам,7.8,False
Круглосуточные тусовщики,2001,Великобритания,Майкл Уинтерботтом,7.1,False
Двухполосное шоссе,1971,США,Монте Хеллман,7.0,False
2001 год: Космическая одиссея,1968,Великобритания,Стэнли Кубрик,7.9,False
Сказки туманной луны после дождя,1953,Япония,Кэндзи Мидзогути,7.9,False
Шербурские зонтики,1964,Франция,Жак Деми,7.7,False
Невероятная правда,1989,США,Хэл Хартли,7.2,False
Внутри себя,1997,Великобритания,Карин Адлер,5.7,False
Непрощенный,1992,США,Клинт Иствуд,7.8,False
Потерянный рейс,2006,США,Пол Гринграсс,7.2,False
Неприкасаемые,1987,США,Брайан Де Пальма,7.8,False
Подозрительные лица,1995,Германия,Брайан Сингер,7.8,False
Отчуждение,2002,Турция,Нури Бильге Джейлан,7.1,False
Вальсирующие,1974,Франция,Бертран Блие,7.7,False
Исчезновение,1988,Нидерланды,Георге Слёйзер,7.2,False
"Мне отмщение, и аз воздам",1979,Япония,Сёхэй Имамура,7.2,False
Вера Дрейк,2004,Великобритания,Майк Ли,7.3,False
Головокружение,1958,США,Альфред Хичкок,7.9,False
Жертва,1961,Великобритания,Бэзил Дирден,6.9,False
Видеодром,1982,Канада,Дэвид Кроненберг,7.0,False
Деревня проклятых,1960,Великобритания,Вульф Рилла,6.7,False
Жестокий полицейский,1989,Япония,Такеши Китано,7.2,False
Виридиана,1961,Мексика,Луис Бунюэль,7.9,False
Жить своей жизнью,1962,Франция,Жан-Люк Годар,7.6,True
Путешествие в Италию,1954,Италия,Роберто Росселлини,7.1,False
Плата за страх,1952,Франция,Анри-Жорж Клузо,8.0,False
Уолл-стрит,1987,США,Оливер Стоун,7.6,False
Военная игра,1966,Великобритания,Питер Уоткинс,6.8,False
Военные игры,1983,США,Джон Бэдэм,7.1,False
Воины,1979,США,Уолтер Хилл,7.5,False
Водопад жизни,1920,США,Дэвид Уорк Гриффит,7.2,False
Мир Уэйна,1992,США,Пенелопа Сфирис,6.3,False
Гармонии Веркмейстера,2000,Венгрия,Бела Тарр,7.7,False
Вестсайдская история,1961,США,Роберт Уайз,7.2,False
"В чем дело, док?",1972,США,Питер Богданович,7.2,False
Что случилось с Бэби Джейн?,1962,США,Роберт Олдрич,7.8,False
Папа в командировке,1985,Югославия,Эмир Кустурица,7.8,False
Когда Гарри встретил Салли,1989,США,Роб Райнер,7.7,False
Когда мы были королями,1996,США,Леон Гаст,7.3,False
"Там, где гнездятся орлы",1968,Великобритания,Брайан Дж. Хаттон,7.1,False
Белый шар,1995,Иран,Джафар Панахи,7.0,False
Белая горячка,1949,США,Рауль Уолш,7.6,False
Кто подставил кролика Роджера,1988,США,Роберт Земекис,7.9,False
Кто боится Вирджинии Вульф?,1966,США,Майк Николс,7.8,False
Плетеный человек,1973,Великобритания,Робин Харди,7.1,False
Дикие ангелы,1966,США,Роджер Корман,6.1,False
Дикая банда,1969,США,Сэм Пекинпа,7.7,False
Дикарь,1953,США,Ласло Бенедек,7.0,False
Земляничная поляна,1957,Швеция,Ингмар Бергман,8.0,True
Ромео + Джульетта,1996,США,Баз Лурман,7.3,False
Ветер,1928,США,Виктор Шёстрём,7.7,False
Небо над Берлином,1987,Германия (ФРГ),Вим Вендерс,8.0,False
Мудрая кровь,1979,США,Джон Хьюстон,6.6,False
Великий инквизитор,1968,Великобритания,Майкл Ривз,6.4,False
Уитнэйл и Я,1986,Великобритания,Брюс Робинсон,7.8,False
Волшебник страны Оз,1939,США,Виктор Флеминг,7.6,True
Женщина в песках,1964,Япония,Хироси Тэсигахара,8.1,False
Влюблённые женщины,1969,Великобритания,Кен Рассел,7.1,False
Женщины на грани нервного срыва,1988,Испания,Педро Альмодовар,7.6,False
Женщины,1939,США,Джордж Кьюкор,7.5,False
Деловая женщина,1988,США,Майк Николс,7.2,False
Человек с рентгеновскими глазами,1963,США,Роджер Корман,6.5,False
Люди Икс,2000,США,Брайан Сингер,7.7,False
И твою маму тоже,2001,Мексика,Альфонсо Куарон,7.0,False
Бабушка,1988,Буркина-Фасо,Идрисса Уэдраого,6.7,False
"Год, когда у меня ломался голос",1987,Австралия,Джон Дайган,6.8,False
"Год, опасный для жизни",1982,Австралия,Питер Уир,6.9,False
Желтая земля,1984,Китай,Чэнь Кайгэ,6.3,False
The Beatles: Желтая подводная лодка,1968,Великобритания,Джордж Даннинг,8.0,False
Молодой Адам,2002,Великобритания,Дэвид Маккензи,6.7,False
Молодой Франкенштейн,1974,США,Мэл Брукс,7.3,False
Дзета,1969,Франция,Коста-Гаврас,7.7,False
Затоiчи,2003,Япония,Такеши Китано,7.7,False
Зази в метро,1960,Франция,Луи Маль,7.2,False
Ноль за поведение,1933,Франция,Жан Виго,7.2,False
Образцовый самец,2001,Германия,Бен Стиллер,6.1,False
Зулусы,1964,Великобритания,Сай Эндфилд,7.5,False
